회사명,지역,직무,링크
SocialHub,Anywhere in the World,Backend Javascript / Node.js Developer - Remote/SaaS (m/f/d),https://weworkremotely.com/remote-jobs/socialhub-backend-javascript-node-js-developer-remote-saas-m-f-d-2
Simvoly,Anywhere in the World,Java Developer (Full-Stack),https://weworkremotely.com/remote-jobs/simvoly-java-developer-full-stack-5
nubedian GmbH,Europe Only,Experienced Java / TypeScript Fullstack Developer for Healthcare Solutions,https://weworkremotely.com/remote-jobs/nubedian-gmbh-experienced-java-typescript-fullstack-developer-for-healthcare-solutions
Toggl,Europe Only,Remote Frontend Developer (JavaScript + React),https://weworkremotely.com/remote-jobs/toggl-remote-frontend-developer-javascript-react-1
Prospect,Anywhere in the World,JavaScript (React) Software Engineer,https://weworkremotely.com/remote-jobs/prospect-javascript-react-software-engineer-1
Files.com,USA Only,FTP and SFTP Server Developer (Java),https://weworkremotely.com/remote-jobs/files-com-ftp-and-sftp-server-developer-java
Magnolia International Ltd.,Europe Only,Senior Java Developer,https://weworkremotely.com/remote-jobs/magnolia-international-ltd-senior-java-developer
IPX,서울 용산구,라인프렌즈[IPX] 2022년 각 부문 수시,https://kr.indeed.com/rc/clk?jk=1015284880e2ff62&fccid=e6548a8408f0612b&vjs=3
㈜루트시스템즈,서울,JAVA 프로그래머 신입사원,https://kr.indeed.com/rc/clk?jk=a3344ec4166e2d6e&fccid=a6c173ce7ec0217d&vjs=3
Google,서울,"2023 Software Engineering Intern, People with Disabilities (장애인 채용)",https://kr.indeed.com/rc/clk?jk=ed7b7e6eb72ffab8&fccid=a5b4499d9e91a5c6&vjs=3
티디아이,제주 제주시,TDI그룹 TDI제주 공개,https://kr.indeed.com/rc/clk?jk=dd86089e6dcbdda7&fccid=abdf2e24e190040b&vjs=3
엔에이치엔클라우드,성남 분당구,2023 NHN Cloud 시즌 -Winter,https://kr.indeed.com/rc/clk?jk=a874b3b0564f328e&fccid=541d24c36c844d01&vjs=3
다우데이타,서울 마포구,[다우키움그룹] 2023년 다우데이타 1분기,https://kr.indeed.com/rc/clk?jk=d93ebe0781fd891a&fccid=1eb3e06c58e0f923&vjs=3
오픈시스넷,성남 분당구,2022년 상반기 각 부문 (프론트엔드 개발자/AI 개발자/안드로이드 개발자/UIUX 디자이너),https://kr.indeed.com/rc/clk?jk=e0c0668fecfb9ed4&fccid=261c43bae1d46061&vjs=3
스트리밍하우스,서울 성동구,프론트/백엔드 서비스 개발자,https://kr.indeed.com/rc/clk?jk=b3b67c490fc80eef&fccid=f59c1249cce88ccf&vjs=3
에스알시스템,대구 북구,"WEB(Java Spring, 전자정부 프레임워크) 프로그램 개발자",https://kr.indeed.com/rc/clk?jk=1c07eab9426c0672&fccid=dbad8053c3de5530&vjs=3
이지시스템 영남지사,창원 성산구,java 개발자,https://kr.indeed.com/rc/clk?jk=7a52561acb4b05af&fccid=b425790418f4e53b&vjs=3
네이버클라우드,성남 분당구,[NAVER Cloud] MLOps 서비스 개발,https://kr.indeed.com/rc/clk?jk=8f37288584b0ced5&fccid=54815931228b42c0&vjs=3
누리기술,대구 수성구,"(주)누리기술 신입 및 경력 프로그래머 (C++, Python)",https://kr.indeed.com/rc/clk?jk=9fb1bf156c419110&fccid=6bb693f7d22f2adc&vjs=3
오라클컴퍼니,서울 강남구,"[강남/오라클컴퍼니] Java(자바), Spring 백엔드(Back-End) 개발자 공개",https://kr.indeed.com/rc/clk?jk=7b779e87010ce10a&fccid=5d2d74872707c882&vjs=3
오아시스,서울,오아시스 2022 직원,https://kr.indeed.com/rc/clk?jk=8beafe8f03b4e6cc&fccid=4c7b185e63aba352&vjs=3
엔에이치엔두레이,성남 분당구,[NHN Dooray] Dooray 서비스 백엔드 개발(기술지원) 경력,https://kr.indeed.com/rc/clk?jk=ce5f717ea78ddfc0&fccid=c40d98ca780a0351&vjs=3
영남기술교육원,대구 달서구,[대구IT취업] IoT기반 JAVA & JSP 웹 개발자 실무,https://kr.indeed.com/rc/clk?jk=510a48a987188025&fccid=deebc9b632667a25&vjs=3
한국필립모리스㈜,서울 영등포구,한국필립모리스 2022년 ��반기 수시,https://kr.indeed.com/rc/clk?jk=44e9ac7f0f94e784&fccid=fb7e65f74b012d18&vjs=3
블록스퀘어서울,서울 서초구,"웹개발자 백엔드&서버개발(HTML·DHTML·mHTML, JAVA 외) 신입/경력 정규직",https://kr.indeed.com/rc/clk?jk=1eeb4f006adf13ba&fccid=72348558bd9456ba&vjs=3
드림에이스,서울 성동구,[전문연구요원 지원가능] 차량용 임베디드 소프트웨어 개발,https://kr.indeed.com/rc/clk?jk=4c6f90c602e46c23&fccid=8ff46f0f52527109&vjs=3
캠스퀘어,서울 송파구,"웹디자인, html, 퍼블리셔",https://kr.indeed.com/rc/clk?jk=e10370dcbd702c52&fccid=cb4924ff00ea96d8&vjs=3
쿠쿠홀딩스,서울,2023년 쿠쿠 경력 및 신입,https://kr.indeed.com/rc/clk?jk=9c5e14f5ba6e6b43&fccid=7964a5b5eaed9510&vjs=3
뮤레파코리아,성남 수정구,"웹개발, 프론트엔드 신입/경력 계약직",https://kr.indeed.com/rc/clk?jk=f498a784c28d03bb&fccid=5fc71e9cbda0dfc6&vjs=3
알엠소프트,대구 동구,2023년 대구 클라우드 전환 사업수행자,https://kr.indeed.com/rc/clk?jk=6acc59439f80a707&fccid=e102dc107a6cdf60&vjs=3
KDB인프라자산운용,서울 영등포구,경영관리(IT),https://kr.indeed.com/rc/clk?jk=badbcd7f4d7dc7d5&fccid=9ee04e4211b22933&vjs=3
Nexon,경기도 성남,[인텔리전스랩스] 유저프로파일팀 백엔드 개발자 (Java/Node.js),https://kr.indeed.com/rc/clk?jk=b4a3298e93781731&fccid=aba87288e4cc3687&vjs=3
원시스템,대구 달서구,프로그램 개발 및 응용프로그램 개발자,https://kr.indeed.com/rc/clk?jk=acf61b5f55e5e327&fccid=662700bb9e41687e&vjs=3
한국전자입찰연구소,서울 구로구,"PHP, JAVA 신입/경력 정규직",https://kr.indeed.com/rc/clk?jk=2e5ee2f92bdc2aa4&fccid=94f137e7b4a9137b&vjs=3
둘리정보통신,서울 강남구,신입 및 경력 JAVA 웹개발자,https://kr.indeed.com/rc/clk?jk=daada66153fe05d2&fccid=783ca6a67ebd0e1b&vjs=3
위캔소프트,서울,JAVA 웹개발자 신입 & 경력직,https://kr.indeed.com/rc/clk?jk=6212ec29b9413584&fccid=20eff5ec45aca7fc&vjs=3
이롭게,서울,웹 개발자(신입),https://kr.indeed.com/rc/clk?jk=e0c5eaad710891da&fccid=ebd2ee3ef127e901&vjs=3
와드,성남 분당구,백엔드 개발자 (상시),https://kr.indeed.com/rc/clk?jk=cb7d1733f55ffb6b&fccid=33a636467f0d73a8&vjs=3
젯스퍼트,수원 영통구,"웹개발, JAVA 신입/경력 정규직",https://kr.indeed.com/rc/clk?jk=336a3445095f309f&fccid=2e5600f7c6335536&vjs=3
알엠소프트,대구 동구,"(주) 알엠소프트 클라우드, JAVA 개발 신입/경력",https://kr.indeed.com/rc/clk?jk=fd0fe1398b493e50&fccid=e102dc107a6cdf60&vjs=3
아이디스,대전 유성구,2023년 1분기 집중 (신입 및 경력),https://kr.indeed.com/rc/clk?jk=627bc5fb6c243cfe&fccid=7158cdb877bceb43&vjs=3
원스링크,성남 분당구,[SM]고급/JAVA/12개월/분당정자,https://kr.indeed.com/rc/clk?jk=dbe06f80c81cd5a5&fccid=a552f4a0fadd5050&vjs=3
나이스평가정보,서울 영등포구,[NICE평가정보] 상반기 전문계약직원 수시(~1/25),https://kr.indeed.com/rc/clk?jk=9b4b20cee4c91e43&fccid=1eee1d17fecc4bbe&vjs=3
에이원 관심기업,대구 침산동,"C#,Java,VisualBasic 프리랜서 경력무관을 모십니다.",https://kr.indeed.com/rc/clk?jk=9a0f9cc8e9f71fcd&fccid=a6d3eb4a17490415&vjs=3
케이뱅크,서울 중구,업무시스템 개발자,https://kr.indeed.com/rc/clk?jk=1d4d29e6060041c9&fccid=5f01cd3935e7f733&vjs=3
환인제약,서울 송파구,상시 인재 (IT 지원),https://kr.indeed.com/rc/clk?jk=22cc8ed09bf47f1f&fccid=fb43834fbb50ff52&vjs=3
카카오,성남 판교역,[카카오메이커스] 백엔드 서버개발자 모집,https://kr.indeed.com/rc/clk?jk=f12dd6630934e42f&fccid=2952458d506281b4&vjs=3
컬리,서울 강남구,"딜리버리 프로덕트 개발자 (백엔드 - Java, Spring)",https://kr.indeed.com/rc/clk?jk=c8b692a813e2e22d&fccid=84f556ede0522ba3&vjs=3
Amazon Web Services Korea LLC,서울,채용연계형 인턴 Cloud Support Intern,https://kr.indeed.com/rc/clk?jk=8ac3fb20d2c898ad&fccid=fe2d21eef233e94a&vjs=3
슈퍼랩스,성남 분당구,[Super Labs] Back-end 개발 체험형 인턴,https://kr.indeed.com/rc/clk?jk=530c804164fe5c49&fccid=926b53554ad40afe&vjs=3
기아,서울 서초구,Data Engineering,https://kr.indeed.com/rc/clk?jk=3dd64cf3cd49bd12&fccid=4407ef3f1668028b&vjs=3
케이포시큐리티,서울 중구,금융권 SI 개발 JAVA 및 UI 개발 프리랜서,https://kr.indeed.com/rc/clk?jk=4072841bd99e01a1&fccid=47bffc2a28969d8e&vjs=3
무신사,서울 성동구,[29CM] 백엔드 개발 (Java/Spring),https://kr.indeed.com/rc/clk?jk=123e97fdd661587e&fccid=a21230b40394711d&vjs=3
비바리퍼블리카,서울 강남구,Core Banking Developer (리스크),https://kr.indeed.com/rc/clk?jk=c357c159c97116e9&fccid=17dc934b27d58446&vjs=3
Nexon,경기도 성남,[인텔리전스랩스] 라이브플랫폼실 풀스택 개발자 (Java/Vue),https://kr.indeed.com/rc/clk?jk=a74278eaff2fd7d5&fccid=aba87288e4cc3687&vjs=3
와이즈텍,서울 용산구,프론트엔드 신입 / 경력 개발자,https://kr.indeed.com/rc/clk?jk=ea99143338a319b7&fccid=8b01882cef0e8002&vjs=3
에스케이텔레콤,서울 중구,구독플랫폼 백엔드 개발자,https://kr.indeed.com/rc/clk?jk=e08d93755faa5164&fccid=ce2f0f28b40a5be8&vjs=3
공영디비엠,서울 중구,"자바 초/중급 프로그래머 (프리랜서 계약직, 초급 코딩, 오라클DB)",https://kr.indeed.com/rc/clk?jk=7d30520fb61d0524&fccid=a68ff2016e2127e7&vjs=3
티젠소프트,서울 금천구,"[2023년 개발 공채] 모바일, JAVA, JSP 개발자 신입/경력",https://kr.indeed.com/rc/clk?jk=bb6f95859fa6f4cb&fccid=37f3edcfd64701db&vjs=3
케이뱅크,서울 중구,계정계 여신 개발자,https://kr.indeed.com/rc/clk?jk=b3dc971c7e3644c6&fccid=5f01cd3935e7f733&vjs=3
콘텐츠웨이브,서울 영등포구,[Tech] MLOps 개발자,https://kr.indeed.com/rc/clk?jk=99ce9838664df877&fccid=5bc77c5b90715cab&vjs=3
디에스인포텍,서울,자바(JAVA) 웹개발자 신입&경력,https://kr.indeed.com/rc/clk?jk=30bb1bc0523a2813&fccid=87f522112ad65299&vjs=3
NHN PAYCO,성남 판교역,JAVA 서버 개발,https://kr.indeed.com/rc/clk?jk=4ad91794ab7d80cf&fccid=a72ebaf825acf7af&vjs=3
포에스텍,서울 성동구,[신입/경력] 백앤드/프론트앤드 개발자,https://kr.indeed.com/rc/clk?jk=0c6d2dbaa9d96000&fccid=3476005418c1964d&vjs=3
지에스아이티엠,서울 강남구,LFmall 커머스 운영담당자,https://kr.indeed.com/rc/clk?jk=43ea6c97fee2002b&fccid=a796cf5c7f7cc6f0&vjs=3
십일번가,서울 중구,[11번가] BI/DW Engineer,https://kr.indeed.com/rc/clk?jk=1e74695a011b66a6&fccid=54911ff2dce6c429&vjs=3
모트렉스,성남 분당구,[모트렉스] SW개발자 (정규직),https://kr.indeed.com/rc/clk?jk=28a19ce66b475c7d&fccid=42756c83a9dedda5&vjs=3
에스케이텔레콤,서울 중구,데이터 엔지니어 전문가,https://kr.indeed.com/rc/clk?jk=47703903b6e5f4c7&fccid=ce2f0f28b40a5be8&vjs=3
블루칩씨앤에스,서울 용산구,JAVA 프론트엔드 및 백엔드 신입/경력 개발자,https://kr.indeed.com/rc/clk?jk=eafaa172fa19df9b&fccid=cef608660ad2f882&vjs=3
현대오토에버,서울,[신입] 미래 인재 DB,https://kr.indeed.com/rc/clk?jk=8488f46665d1b77a&fccid=d5a22a3e93377742&vjs=3
아이엔지웹,대전 동구,"JSP, JAVA 웹 개발자 정규직 (신입/경력)",https://kr.indeed.com/rc/clk?jk=50adbb83b9244e59&fccid=a8fd1928efa8c199&vjs=3
카카오,성남 판교역,카카오 API플랫폼 개발자 모집,https://kr.indeed.com/rc/clk?jk=d81dfa3f7ed52662&fccid=2952458d506281b4&vjs=3
한화시스템,성남 분당구,2023년 한화시스템 석/박사 신입 및 경력 (SW분야),https://kr.indeed.com/rc/clk?jk=e4603e7e689c346f&fccid=46ba4635611e86ea&vjs=3
경상대학교병원,경상남도,"[창원경상국립대학교병원] 시설기술직, 전산직, 원무직",https://kr.indeed.com/rc/clk?jk=92ea22bfebe0dfd3&fccid=6246b55bc1fb7d99&vjs=3
엔씨소프트,성남 판교역,자바 웹 백엔드 서버 개발자 모집,https://kr.indeed.com/rc/clk?jk=91c2674dce04ffae&fccid=a1e4e21b1f33cf40&vjs=3
라인게임즈,서울 강남구,웹 백엔드 개발자,https://kr.indeed.com/rc/clk?jk=ee566469bcc52f6e&fccid=e636ec71b8da3b39&vjs=3
카카오커머스,성남 분당구,[카카오커머스] 기술직군,https://kr.indeed.com/rc/clk?jk=2b9e604e63e7e46d&fccid=b1f5de6cae96f6c2&vjs=3
주)한국결제대행,성남 중원구,[신입] Backend 개발자,https://kr.indeed.com/rc/clk?jk=9d16462648a30535&fccid=8fcd22b60c35d3de&vjs=3
누리플렉스,서울 서초구,2023년 누리플렉스 App 개발자,https://kr.indeed.com/rc/clk?jk=024e04e93fb0e79a&fccid=8140dff59c3cda21&vjs=3
교보자산신탁,서울 강남구,교보자산신탁 우수인재 상시등록시스템(DB) 오픈,https://kr.indeed.com/rc/clk?jk=12152450b918ae3c&fccid=132c2c1157acfc98&vjs=3
비에스엔씨,서울,"개발자(C#, SQL, JAVA, 자바, Spring, WEB)",https://kr.indeed.com/rc/clk?jk=2630a88ec3b84ff4&fccid=eec1bb2c6d275cef&vjs=3
한국네트웍스,성남 분당구,[판교 본사] 경력(SAP),https://kr.indeed.com/rc/clk?jk=ab92f42176d94c21&fccid=26daf0d7c37a9f73&vjs=3
한화시스템,서울,Digital Transformation 컨설팅 전문 경력,https://kr.indeed.com/rc/clk?jk=a7a3d92672f510e9&fccid=46ba4635611e86ea&vjs=3
비즈톡,서울 강남구,[비즈톡(주)] 카카오 네이버 연계 서비스 JAVA 웹 개발자 (신입/경력),https://kr.indeed.com/rc/clk?jk=8abf260fe9294637&fccid=6a0e8a2a4552ce79&vjs=3
벨아이앤에스,서울 중구,JAVA 솔루션 개발,https://kr.indeed.com/rc/clk?jk=87937917c968fd79&fccid=02d8d771dc122d69&vjs=3
시큐어링크,서울 구로구,AI/블록체인 개발자,https://kr.indeed.com/rc/clk?jk=defa6d34b48da188&fccid=898f0e9d97b2bff6&vjs=3
위쉬정보기술,서울 구로구,아모레퍼시픽 프로젝트 신입/경력사원,https://kr.indeed.com/rc/clk?jk=110fe9cebbd002f9&fccid=d3ea592c2967fcc1&vjs=3
밝은터다이렉트,대구 동구,"웹개발, PHP 경력 정규직, 계약직",https://kr.indeed.com/rc/clk?jk=ca3479dc66d49144&fccid=67666b671982e4e0&vjs=3
삼인시스템,대구 달서구,[지역주도형 청년일자리사업] Java/Python프로그램 개발자,https://kr.indeed.com/rc/clk?jk=6a7e8ffef53e75b6&fccid=2cc5cddc034ad847&vjs=3
티시스 아이티,서울 중구,[태광그룹 (주)티시스아이티] 2023년 신입/경력사원 수시,https://kr.indeed.com/rc/clk?jk=966574edb5209297&fccid=6c113210ea7c45e0&vjs=3
DGB데이터시스템,대구 봉무동,IT 시스템관리 신입/경력 채용공고,https://kr.indeed.com/rc/clk?jk=a31ae96f2fc41a0a&fccid=778ad8ce49094822&vjs=3
기아,서울 서초구,차량 데이터 서비스 기획,https://kr.indeed.com/rc/clk?jk=ba7cc7c8dd333444&fccid=4407ef3f1668028b&vjs=3
한화그룹,서울,2023년 한화시스템 석/박사 신입 및 경력 채용 (SW분야),https://kr.indeed.com/rc/clk?jk=540ce8adcf30a84b&fccid=bd0dc1817223394f&vjs=3
엘세븐시큐리티,서울 송파구,딥러닝 통한 인공지능 솔루션 신입/경력 개발자,https://kr.indeed.com/rc/clk?jk=972c302b4b4cb1df&fccid=72880ee98034ba13&vjs=3
(주)엑슨투 관심기업,성남 시흥동,웹 프론트엔드 개발 / Java 백엔드 개발자,https://kr.indeed.com/rc/clk?jk=211e6ccc91039e69&fccid=df3aeb17b94d7e29&vjs=3
띵스파이어,서울 영등포구,플랫폼 개발-프론트앤드 개발자,https://kr.indeed.com/rc/clk?jk=f0a8c8881599d2d2&fccid=01368044e18e491c&vjs=3
켐에쎈,서울,소프트웨어 개발자 (신입),https://kr.indeed.com/rc/clk?jk=e22fa9c110aefcbd&fccid=4a76f973484ac4bc&vjs=3
에이케이아이에스,성남 분당구,2023년 백화점/쇼핑몰 시스템 운영 및 개발 신입,https://kr.indeed.com/rc/clk?jk=c49b720d1c47d739&fccid=c7be68dcdaafdc44&vjs=3
한국전자금융,서울 마포구,각 부문 신입/경력 직원,https://kr.indeed.com/rc/clk?jk=d55bc3a825de0b5e&fccid=05b9e3e68be655f0&vjs=3
컬리,서울 강남구,"컬리페이 테크분야 - 소프트웨어개발, 서비스기획",https://kr.indeed.com/rc/clk?jk=383195f262eeba4f&fccid=84f556ede0522ba3&vjs=3
백제약품,서울 구로구,"웹개발, JAVA 외 신입/경력 정규직",https://kr.indeed.com/rc/clk?jk=43b740aa854f1dd3&fccid=6028b2e4b7cd4d4a&vjs=3
카카오페이증권,성남 분당구,SRE(Site Reliability Engineering) 개발자 영입,https://kr.indeed.com/rc/clk?jk=7d745e249701ed0e&fccid=8774314ead916c49&vjs=3
에이케이아이에스,성남 분당구,2023년 쇼핑몰 시스템 운영(SM) 신입/경력,https://kr.indeed.com/rc/clk?jk=8e648dc507b2de03&fccid=c7be68dcdaafdc44&vjs=3
티젠소프트,서울 금천구,"[2023년 개발 공채] JAVA, JSP 개발자 신입,경력",https://kr.indeed.com/rc/clk?jk=3b22972fdea57069&fccid=37f3edcfd64701db&vjs=3
앱솔,경기도 의왕,JAVA Spring 웹개발 신입 정규직,https://kr.indeed.com/rc/clk?jk=bee34cb01f4185f4&fccid=eeef143eea27eeae&vjs=3
한진,서울 중구,(주)한진 경력직 (IT 분야),https://kr.indeed.com/rc/clk?jk=efe38c830ff29c10&fccid=5df1e448978fd5db&vjs=3
스마트디아그노시스,서울 마포구,"웹개발, JAVA 외 신입/경력 정규직, 병역특례",https://kr.indeed.com/rc/clk?jk=5dbc158234b3a5c0&fccid=f4795b9234b4c245&vjs=3
리드넘버,서울 관악구,[백엔드개발자] 자사 서비스 백엔드 개발자,https://kr.indeed.com/rc/clk?jk=9ad7cc4fd64df662&fccid=5f3b76d31f378273&vjs=3
라인비즈플러스,성남 분당구,Core Banking Engineer,https://kr.indeed.com/rc/clk?jk=881f657a989c762a&fccid=0d2390c91784522f&vjs=3
기아,서울 서초구,Infra Engineering,https://kr.indeed.com/rc/clk?jk=361d42ddd7495b1d&fccid=4407ef3f1668028b&vjs=3
한국네트웍스,성남 분당구,[판교 본사] 시스템 구축 및 유지보수,https://kr.indeed.com/rc/clk?jk=d0c5872701c1291e&fccid=26daf0d7c37a9f73&vjs=3
엔아이티서비스,성남 분당구,[네이버계열사][NIT Service] 네이버예약/네이버인증서 기술지원,https://kr.indeed.com/rc/clk?jk=93c2d27a37c824d4&fccid=d389f1042b660837&vjs=3
더존비즈온,강원도 춘천,더존비즈온 ERP개발자 연계형 교육 인재,https://kr.indeed.com/rc/clk?jk=554c3931c4c9b8c4&fccid=cbf26c2db1273160&vjs=3
한진정보통신,서울 강서구,[한진정보통신] 클라우드 엔지니어,https://kr.indeed.com/rc/clk?jk=6260496d013d3cf4&fccid=3e60978863804d95&vjs=3
KB데이타시스템,서울 마포구,"KB증권 운영업무 (기간계, 정보계)",https://kr.indeed.com/rc/clk?jk=d581052e9c9a62cf&fccid=fe227fbd2afb9580&vjs=3
직방,서울 종로구,[직방] HomeIoT 모바일 앱 개발,https://kr.indeed.com/rc/clk?jk=555e53814b6a90c2&fccid=750d792cf813d448&vjs=3
티앤테크,대구 수성구,[티앤테크] 솔루션개발팀 웹/모바일 경력 개발자,https://kr.indeed.com/rc/clk?jk=6e0f3ca01b53c75f&fccid=a74ff46b30918abf&vjs=3
넥스트아이씨티,서울 구로구,"웹개발, JSP 외 신입 정규직",https://kr.indeed.com/rc/clk?jk=f7f9851a7fd6735d&fccid=025b54e985b9bf59&vjs=3
야나두,서울 강남구,[야나두(플랫폼)] 백엔드 개발,https://kr.indeed.com/rc/clk?jk=602f0d7b5c0978fc&fccid=9796a3aaf3a63b6f&vjs=3
기아,서울 서초구,고객/차량 데이터 서비스 기획 (Data Service Planner),https://kr.indeed.com/rc/clk?jk=237c6ab79d69e6fc&fccid=4407ef3f1668028b&vjs=3
솔로몬텍,경기도 의왕,H자동차 .NET 개발자 건,https://kr.indeed.com/rc/clk?jk=f7c0d39a10d46419&fccid=3e9157e1b4d20cbb&vjs=3
현대오토에버,서울 강남구,인사/시스템 운영 부문 경력,https://kr.indeed.com/rc/clk?jk=ef3765562a46cc80&fccid=d5a22a3e93377742&vjs=3
볼트시뮬레이션,서울 서초구,"개발자 (연봉 4,000 ~ 5,000 협의)",https://kr.indeed.com/rc/clk?jk=61f60099aa6c9fc7&fccid=6661b32a113bc270&vjs=3
에스케이텔레콤,서울 중구,iOS 클라이언트 개발자,https://kr.indeed.com/rc/clk?jk=25334ce915d4755a&fccid=ce2f0f28b40a5be8&vjs=3
트라이본즈,서울 강남구,[트라이본즈] 정보전략팀 전산시스템 운영 담당자,https://kr.indeed.com/rc/clk?jk=5d48bb06005c9b47&fccid=75f2200edf525542&vjs=3
케이지이니시스,서울 중구,[KG이니시스] IT 개발자 신입 및 경력직,https://kr.indeed.com/rc/clk?jk=60566f1eeff8df82&fccid=e1fde79d15ede408&vjs=3
현대오토에버,서울 강남구,팩토리 이노베이션 부문 경력,https://kr.indeed.com/rc/clk?jk=ed651b4a4f7bd517&fccid=d5a22a3e93377742&vjs=3
쉐어잇,서울 강남구,Admin 개발자(DevOps),https://kr.indeed.com/rc/clk?jk=67af1686756bc4de&fccid=7dc5a68cd7d61777&vjs=3
리얼날리지,서울 용산구,"글로벌 화상영어회화 서비스 에피소든 팀 프론트엔드, 백엔드 개발자",https://kr.indeed.com/rc/clk?jk=3f68f4bc782eb890&fccid=d83e2d4d0b613512&vjs=3
뷰노코리아,서울 서초구,서비스 엔지니어(의료영상),https://kr.indeed.com/rc/clk?jk=a6b3849fdc7528f7&fccid=282d63dcd74d554d&vjs=3
한국감정평가사협회,서울 서초구,웹개발자 계약직,https://kr.indeed.com/rc/clk?jk=41944c98f3100292&fccid=dd616958bd9ddc12&vjs=3
한국기업보안,서울 서초구,웹 개발자 정규직 (웹프로그래머),https://kr.indeed.com/rc/clk?jk=ee07c321e068d4ac&fccid=cd8caa6b503246a9&vjs=3
무신사,서울 성동구,Java Backend Engineer (디스커버리실),https://kr.indeed.com/rc/clk?jk=2b999429cb239346&fccid=a21230b40394711d&vjs=3
아이브코딩목동학원,서울 양천구,"목동 컴퓨터 코딩학원 교육강사 (정규직 및 계약직, 경력무관)",https://kr.indeed.com/rc/clk?jk=7543944fc437926b&fccid=30f7201d74468079&vjs=3
이젠아카데미,서울 서초구,[이젠아카데미 강남] 자바(JAVA)웹개발 강사/ 빅데이터 과정 강사/ R기반 빅데이터 분석&시각화 강사,https://kr.indeed.com/rc/clk?jk=95e252817131d58b&fccid=f0e3ec0fd39c0819&vjs=3
브리지텍,서울 영등포구,IVR 개발직,https://kr.indeed.com/rc/clk?jk=4e213fdf5093cc06&fccid=cce37dafa4111785&vjs=3
크래프톤,서울 강남구,[Engineering Div.] Game Platform Backend Engineer,https://kr.indeed.com/rc/clk?jk=3159c03f776fc2e5&fccid=0aeb279b74dee723&vjs=3
(주)유니포스트 관심기업,서울 논현동,JAVA 웹 솔루션 개발 및 유지보수(솔루션운영2팀),https://kr.indeed.com/rc/clk?jk=57173e5c5e04a127&fccid=a85d2c62a4a438f8&vjs=3
페이투스,서울 강남구,"데이터베이스개발자, JAVA 외 신입/경력 정규직",https://kr.indeed.com/rc/clk?jk=3bd407220368d125&fccid=af13c41d99f918ff&vjs=3
루나소프트,서울 강남구,java개발자(솔루션개발팀),https://kr.indeed.com/rc/clk?jk=99b6c3e136371469&fccid=319cda223957dc0e&vjs=3
교원프라퍼티,서울 중구,Tech/IT 직군 1월 공개,https://kr.indeed.com/rc/clk?jk=ade301db3a77ccab&fccid=572ce48859b39fe7&vjs=3
케이티샛,서울 강남구,[kt sat] 2023년 경력사원 수시 (SW개발),https://kr.indeed.com/rc/clk?jk=1adb485cefeb03fb&fccid=64503056f64ff79e&vjs=3
컬리,서울 강남구,시니어 데이터엔지니어,https://kr.indeed.com/rc/clk?jk=f43b275a5087503d&fccid=84f556ede0522ba3&vjs=3
넥스트아이씨티,서울 구로구,java/jsp/si 신입 개발자,https://kr.indeed.com/rc/clk?jk=9ff8f4bbb6a5855f&fccid=025b54e985b9bf59&vjs=3
플루토랩스,서울 강남구,데이터 엔지니어(DataOps Engineer) 신입/경력 정규직,https://kr.indeed.com/rc/clk?jk=c85b07b20636c307&fccid=62afd9800bb33221&vjs=3
무신사,서울 성동구,[29CM] iOS 주니어 개발자,https://kr.indeed.com/rc/clk?jk=89a3079f0b397046&fccid=a21230b40394711d&vjs=3
스마트컨버전스,수원 영통구,Java Script / Java 경력직 개발자,https://kr.indeed.com/rc/clk?jk=528012e20425747d&fccid=b726dda103942df8&vjs=3
이씨스,부산 동구,[디지털일자리매칭플랫폼] 웹 개발(JAVA),https://kr.indeed.com/rc/clk?jk=a3a7e52a0e957b39&fccid=36e4d98308523f79&vjs=3
솔루비스,서울 구로구,콜센터 구축 및 프로그램 개발 신입,https://kr.indeed.com/rc/clk?jk=9509f9556224fc79&fccid=6bba251279b40f91&vjs=3
LINE Plus corporation,대한민국,LINE Messaging Server Engineer NEW,https://kr.indeed.com/rc/clk?jk=c3f58be0b4504f23&fccid=e90e80bc9ed9a53f&vjs=3
에이케이아이에스,서울 마포구,2023년 SI 프로젝트 관리 및 개발 경력,https://kr.indeed.com/rc/clk?jk=dc4f3249e14ed697&fccid=c7be68dcdaafdc44&vjs=3
네오슬론,성남 분당구,소프트웨어 개발자(신입/경력),https://kr.indeed.com/rc/clk?jk=62f8d7a927ff533f&fccid=c54ec2ec42824d8f&vjs=3
시큐어키,서울 금천구,각 분야별 개발자 정규직,https://kr.indeed.com/rc/clk?jk=2e0eddf83a8d1b26&fccid=8d12eb6f6e6848d3&vjs=3
위쉬정보기술,서울 구로구,삼성그룹 개발 및 운영 신입/경력사원,https://kr.indeed.com/rc/clk?jk=8aba104598300d7b&fccid=d3ea592c2967fcc1&vjs=3
아이유아이,서울 마포구,[정규직] 신입 웹개발자,https://kr.indeed.com/rc/clk?jk=e9dbed819c31fdb5&fccid=e285bbb538045664&vjs=3
파수,서울 마포구,웹 프론트엔드 개발,https://kr.indeed.com/rc/clk?jk=badb14eaf96c6d47&fccid=6de9ce9e1182943d&vjs=3
위메프,대한민국,[위메프서비스] 주문/결제/정산 백엔드 개발자,https://kr.indeed.com/rc/clk?jk=c80b08dd96d9be11&fccid=2f8799a5ef214646&vjs=3
㈜버드레터,서울 강남구 외,[빌런즈] 서버 프로그래머 채용,https://www.jobkorea.co.kr/Recruit/GI_Read/40863835?Oem_Code=C1&logpath=1&stext=java&listno=1
인사이드정보,서울 강남구 외,[경력]차세대 형사사법정보시스템 구축 웹 프로그래머 채용,https://www.jobkorea.co.kr/Recruit/GI_Read/40837476?Oem_Code=C1&logpath=1&stext=java&listno=2
㈜오토웨어,경기 수원시 외,프로그래머 모집 (신입 및 경력),https://www.jobkorea.co.kr/Recruit/GI_Read/40800170?Oem_Code=C1&logpath=1&stext=java&listno=3
한국소프트웨어인재개발원,서울 금천구 외,"[국비무료 IT취업과정]JAVA자바 웹앱개발외/취업연계/훈련수당지급/기초부터 기업현업실무까지(초보자,비전공자 가능)",https://www.jobkorea.co.kr/Recruit/GI_Read/40784427?Oem_Code=C1&logpath=1&stext=java&listno=4
휴먼교육센터,서울 영등포구 외,[전액무료] IT취업 자바/파이썬/인공지능/빅데이터 교육생 모집,https://www.jobkorea.co.kr/Recruit/GI_Read/40762228?Oem_Code=C1&logpath=1&stext=java&listno=5
㈜네오플,제주 제주시,[네오플] 서버/클라이언트 프로그래머 모집,https://www.jobkorea.co.kr/Recruit/GI_Read/40901200?Oem_Code=C1&logpath=1&stext=java&listno=6
㈜코비젼,서울 강서구 외,개발직 경력직 채용-JAVA/.NET/PM/백엔드/프론트엔드/전문연구요원,https://www.jobkorea.co.kr/Recruit/GI_Read/40899594?Oem_Code=C1&logpath=1&stext=java&listno=7
(주)에이치코비,경기 안양시,웹 프로그래머(JAVA) 정규 직원 (신입/경력) 채용,https://www.jobkorea.co.kr/Recruit/GI_Read/40898680?Oem_Code=C1&logpath=1&stext=java&listno=8
㈜제이슨그룹,서울 용산구 외,자바개발자(백엔드) 경력직채용,https://www.jobkorea.co.kr/Recruit/GI_Read/40898662?Oem_Code=C1&logpath=1&stext=java&listno=9
(주)이컴라인,서울 성동구,"2.[성수동] 자바, java, pl, 분석, 설계, 금융, 은행, 캐피탈, 오토론, 계약관리, 실행관리, 자금관리, 회계",https://www.jobkorea.co.kr/Recruit/GI_Read/40896623?Oem_Code=C1&logpath=1&stext=java&listno=10
이컴라인,서울 중구,"1.[서울역] 캐피탈, 금융, 자바, java, 카시오페, ksiop",https://www.jobkorea.co.kr/Recruit/GI_Read/40896402?Oem_Code=C1&logpath=1&stext=java&listno=11
펜타시스템테크놀러지㈜,서울 영등포구,펜타시스템테크놀러지(주) AM팀 Java 웹개발자 채용 공고,https://www.jobkorea.co.kr/Recruit/GI_Read/40894162?Oem_Code=C1&logpath=1&stext=java&listno=12
㈜케이디엑스한국데이터거래소,서울 중구,Java / Spring 개발자 경력직(정규직)  모집 공고,https://www.jobkorea.co.kr/Recruit/GI_Read/40882745?Oem_Code=C1&logpath=1&stext=java&listno=13
㈜케이지이니시스,서울 중구,[KG이니시스] JAVA기반 개발 경력직 채용,https://www.jobkorea.co.kr/Recruit/GI_Read/40880885?Oem_Code=C1&logpath=1&stext=java&listno=14
디어유,서울 강남구,[코스닥 상장사-디어유] 서버 백앤드 개발자(JAVA 기반)모집,https://www.jobkorea.co.kr/Recruit/GI_Read/40875838?Oem_Code=C1&logpath=1&stext=java&listno=15
경향신문,서울 중구,경향신문사 기술개발팀 PHP프로그래머 모집,https://www.jobkorea.co.kr/Recruit/GI_Read/40869706?Oem_Code=C1&logpath=1&stext=java&listno=16
㈜고운세상코스메틱,경기 성남시,고운세상코스메틱(닥터지) [경력] 정보전략팀 웹(JAVA) 개발자 채용,https://www.jobkorea.co.kr/Recruit/GI_Read/40866969?Oem_Code=C1&logpath=1&stext=java&listno=17
(주)이컴라인,경기 평택시,"2.[판교] Java, Javascript, 자바, 자바스크립트, 운영, 유지보수, sm, 년말정산,인사,출장 관리 등 운영 및 타시스템 연계",https://www.jobkorea.co.kr/Recruit/GI_Read/40867481?Oem_Code=C1&logpath=1&stext=java&listno=18
㈜네오플러스,서울 서초구,[프리/1년] 개발운영 -서초 (JAVA기반),https://www.jobkorea.co.kr/Recruit/GI_Read/40862303?Oem_Code=C1&logpath=1&stext=java&listno=19
교보생명보험(주),서울 종로구,FY2023 상반기 경력사원 채용 (1차) - 웹/JAVA개발,https://www.jobkorea.co.kr/Recruit/GI_Read/40857652?Oem_Code=C1&logpath=1&stext=java&listno=20
㈜버드레터,서울 강남구 외,[빌런즈] 서버 프로그래머 채용,https://www.jobkorea.co.kr/Recruit/GI_Read/40863835?Oem_Code=C1&logpath=1&stext=java&listno=1
인사이드정보,서울 강남구 외,[경력]차세대 형사사법정보시스템 구축 웹 프로그래머 채용,https://www.jobkorea.co.kr/Recruit/GI_Read/40837476?Oem_Code=C1&logpath=1&stext=java&listno=2
㈜오토웨어,경기 수원시 외,프로그래머 모집 (신입 및 경력),https://www.jobkorea.co.kr/Recruit/GI_Read/40800170?Oem_Code=C1&logpath=1&stext=java&listno=3
한국소프트웨어인재개발원,서울 금천구 외,"[국비무료 IT취업과정]JAVA자바 웹앱개발외/취업연계/훈련수당지급/기초부터 기업현업실무까지(초보자,비전공자 가능)",https://www.jobkorea.co.kr/Recruit/GI_Read/40784427?Oem_Code=C1&logpath=1&stext=java&listno=4
휴먼교육센터,서울 영등포구 외,[전액무료] IT취업 자바/파이썬/인공지능/빅데이터 교육생 모집,https://www.jobkorea.co.kr/Recruit/GI_Read/40762228?Oem_Code=C1&logpath=1&stext=java&listno=5
㈜네오플,제주 제주시,[네오플] 서버/클라이언트 프로그래머 모집,https://www.jobkorea.co.kr/Recruit/GI_Read/40901200?Oem_Code=C1&logpath=1&stext=java&listno=6
㈜코비젼,서울 강서구 외,개발직 경력직 채용-JAVA/.NET/PM/백엔드/프론트엔드/전문연구요원,https://www.jobkorea.co.kr/Recruit/GI_Read/40899594?Oem_Code=C1&logpath=1&stext=java&listno=7
(주)에이치코비,경기 안양시,웹 프로그래머(JAVA) 정규 직원 (신입/경력) 채용,https://www.jobkorea.co.kr/Recruit/GI_Read/40898680?Oem_Code=C1&logpath=1&stext=java&listno=8
㈜제이슨그룹,서울 용산구 외,자바개발자(백엔드) 경력직채용,https://www.jobkorea.co.kr/Recruit/GI_Read/40898662?Oem_Code=C1&logpath=1&stext=java&listno=9
(주)이컴라인,서울 성동구,"2.[성수동] 자바, java, pl, 분석, 설계, 금융, 은행, 캐피탈, 오토론, 계약관리, 실행관리, 자금관리, 회계",https://www.jobkorea.co.kr/Recruit/GI_Read/40896623?Oem_Code=C1&logpath=1&stext=java&listno=10
이컴라인,서울 중구,"1.[서울역] 캐피탈, 금융, 자바, java, 카시오페, ksiop",https://www.jobkorea.co.kr/Recruit/GI_Read/40896402?Oem_Code=C1&logpath=1&stext=java&listno=11
펜타시스템테크놀러지㈜,서울 영등포구,펜타시스템테크놀러지(주) AM팀 Java 웹개발자 채용 공고,https://www.jobkorea.co.kr/Recruit/GI_Read/40894162?Oem_Code=C1&logpath=1&stext=java&listno=12
㈜케이디엑스한국데이터거래소,서울 중구,Java / Spring 개발자 경력직(정규직)  모집 공고,https://www.jobkorea.co.kr/Recruit/GI_Read/40882745?Oem_Code=C1&logpath=1&stext=java&listno=13
㈜케이지이니시스,서울 중구,[KG이니시스] JAVA기반 개발 경력직 채용,https://www.jobkorea.co.kr/Recruit/GI_Read/40880885?Oem_Code=C1&logpath=1&stext=java&listno=14
디어유,서울 강남구,[코스닥 상장사-디어유] 서버 백앤드 개발자(JAVA 기반)모집,https://www.jobkorea.co.kr/Recruit/GI_Read/40875838?Oem_Code=C1&logpath=1&stext=java&listno=15
경향신문,서울 중구,경향신문사 기술개발팀 PHP프로그래머 모집,https://www.jobkorea.co.kr/Recruit/GI_Read/40869706?Oem_Code=C1&logpath=1&stext=java&listno=16
㈜고운세상코스메틱,경기 성남시,고운세상코스메틱(닥터지) [경력] 정보전략팀 웹(JAVA) 개발자 채용,https://www.jobkorea.co.kr/Recruit/GI_Read/40866969?Oem_Code=C1&logpath=1&stext=java&listno=17
(주)이컴라인,경기 평택시,"2.[판교] Java, Javascript, 자바, 자바스크립트, 운영, 유지보수, sm, 년말정산,인사,출장 관리 등 운영 및 타시스템 연계",https://www.jobkorea.co.kr/Recruit/GI_Read/40867481?Oem_Code=C1&logpath=1&stext=java&listno=18
㈜네오플러스,서울 서초구,[프리/1년] 개발운영 -서초 (JAVA기반),https://www.jobkorea.co.kr/Recruit/GI_Read/40862303?Oem_Code=C1&logpath=1&stext=java&listno=19
교보생명보험(주),서울 종로구,FY2023 상반기 경력사원 채용 (1차) - 웹/JAVA개발,https://www.jobkorea.co.kr/Recruit/GI_Read/40857652?Oem_Code=C1&logpath=1&stext=java&listno=20
㈜이스트게임즈,서울 서초구,[이스트게임즈] 게임 프로그래머,https://www.jobkorea.co.kr/Recruit/GI_Read/40856308?Oem_Code=C1&logpath=1&stext=java&listno=21
㈜엔씨소프트,경기 성남시,[엔씨소프트] 자바 웹 백엔드 서버 개발자 모집,https://www.jobkorea.co.kr/Recruit/GI_Read/40855887?Oem_Code=C1&logpath=1&stext=java&listno=22
이컴라인,서울 중구,"1.[을지로] 자바, 금융, 은행, java, 유지보수, 운영, sm, 카드, 신용카드",https://www.jobkorea.co.kr/Recruit/GI_Read/40854866?Oem_Code=C1&logpath=1&stext=java&listno=23
㈜유니포인트,서울 동작구,[유니포인트] 기술개발본부 JAVA 개발 경력직 채용,https://www.jobkorea.co.kr/Recruit/GI_Read/40849532?Oem_Code=C1&logpath=1&stext=java&listno=24
(사)한국디지털컨버전스협회,서울 영등포구,"스마트웹(HTML5, CSS3, 자바스크립트,  REACT 등) 강사 모집",https://www.jobkorea.co.kr/Recruit/GI_Read/40847477?Oem_Code=C1&logpath=1&stext=java&listno=25
㈜에임메드,서울 강남구,Java Node.js  백엔드 개발자 채용,https://www.jobkorea.co.kr/Recruit/GI_Read/40838451?Oem_Code=C1&logpath=1&stext=java&listno=26
㈜에임메드,서울 강남구,Java React Node.js 개발 경력자 채용,https://www.jobkorea.co.kr/Recruit/GI_Read/40838424?Oem_Code=C1&logpath=1&stext=java&listno=27
㈜인라이플,서울 구로구 외,[주4.5일근무] Frontend Developer (JAVA) 채용,https://www.jobkorea.co.kr/Recruit/GI_Read/40834614?Oem_Code=C1&logpath=1&stext=java&listno=28
㈜트루본,경기 성남시,"[청년일자리도약장려금] 각 부문별 담당자 모집 (개발(JAVA),디자인,Database,서버&네트워크,구매,SI영업)",https://www.jobkorea.co.kr/Recruit/GI_Read/40824936?Oem_Code=C1&logpath=1&stext=java&listno=29
엔에이치엔한국사이버결제㈜,서울 구로구,NHN KCP(주) JAVA 백엔드 웹개발자 모집,https://www.jobkorea.co.kr/Recruit/GI_Read/40833307?Oem_Code=C1&logpath=1&stext=java&listno=30
이리오넷㈜,서울 중랑구,[경력] JAVA 개발자 채용,https://www.jobkorea.co.kr/Recruit/GI_Read/40829578?Oem_Code=C1&logpath=1&stext=java&listno=31
㈜아롬정보기술,대전 유성구,JAVA 웹 개발자 채용,https://www.jobkorea.co.kr/Recruit/GI_Read/40814047?Oem_Code=C1&logpath=1&stext=java&listno=32
㈜포이시스,서울 금천구 외,"[본사/대구] Java / Python 활용 / Android/ios/ 금융솔루션 개발자 채용 공고(경력, 신입)",https://www.jobkorea.co.kr/Recruit/GI_Read/40818902?Oem_Code=C1&logpath=1&stext=java&listno=33
㈜디지캡,서울 강서구,㈜디지캡 [JAVA Spring Framework 개발자] 모집,https://www.jobkorea.co.kr/Recruit/GI_Read/40817266?Oem_Code=C1&logpath=1&stext=java&listno=34
이컴라인,서울 영등포구,"1.[당산역] 자바, java, 구매정보",https://www.jobkorea.co.kr/Recruit/GI_Read/40813075?Oem_Code=C1&logpath=1&stext=java&listno=35
㈜인라이플,서울 구로구 외,[주4.5일근무] Backend Developer (JAVA) 채용,https://www.jobkorea.co.kr/Recruit/GI_Read/40808254?Oem_Code=C1&logpath=1&stext=java&listno=36
㈜인라이플,서울 구로구 외,[주4.5일근무] (JAVA) Senior Back end Developer 인재채용,https://www.jobkorea.co.kr/Recruit/GI_Read/40808245?Oem_Code=C1&logpath=1&stext=java&listno=37
㈜컴투스,서울 금천구,프로야구 2022/신작 RPG 프로젝트 서버 프로그래머 (경력) 채용,https://www.jobkorea.co.kr/Recruit/GI_Read/40806334?Oem_Code=C1&logpath=1&stext=java&listno=38
브이엠에스솔루션스,경기 용인시,[1월 채용] 웹 프로그래머,https://www.jobkorea.co.kr/Recruit/GI_Read/40806021?Oem_Code=C1&logpath=1&stext=java&listno=39
뱅크웨어글로벌,서울 중구,[뱅크웨어글로벌] 인프라 솔루션 자바(JAVA) 엔지니어 모집,https://www.jobkorea.co.kr/Recruit/GI_Read/40801383?Oem_Code=C1&logpath=1&stext=java&listno=40
㈜핑거,서울 중구,"[핑거] 고객서비스, 기획, 퍼블리셔, C#/Java 개발자 채용",https://www.jobkorea.co.kr/Recruit/GI_Read/40799797?Oem_Code=C1&logpath=1&stext=java&listno=41
펜타시스템테크놀러지㈜,서울 영등포구,Blue Analytics 웹프로그래머 채용 공고,https://www.jobkorea.co.kr/Recruit/GI_Read/40798667?Oem_Code=C1&logpath=1&stext=java&listno=42
오상자이엘 ㈜,인천 부평구 외,"PLM/PDM PM, 개발(Java, JSP) 정규직 모집",https://www.jobkorea.co.kr/Recruit/GI_Read/40797663?Oem_Code=C1&logpath=1&stext=java&listno=43
현대오토에버㈜,서울 강남구,[군포/대치] 연구소시스템 개발/운영부문 경력채용(Java),https://www.jobkorea.co.kr/Recruit/GI_Read/40792184?Oem_Code=C1&logpath=1&stext=java&listno=44
㈜와이비에스,경기 성남시 외,2023년 상반기  Java/Web 신입 개발자 채용 공고,https://www.jobkorea.co.kr/Recruit/GI_Read/40790695?Oem_Code=C1&logpath=1&stext=java&listno=45
㈜핸디소프트,경기 안양시,클라우드개발/제품개발/JAVA 개발 경력 채용,https://www.jobkorea.co.kr/Recruit/GI_Read/40777546?Oem_Code=C1&logpath=1&stext=java&listno=46
베스핀글로벌㈜,서울 서초구,Java 개발자 영입 (중급 이상),https://www.jobkorea.co.kr/Recruit/GI_Read/40767225?Oem_Code=C1&logpath=1&stext=java&listno=47
㈜엔씨소프트,경기 성남시,[엔씨소프트][신규프로젝트] MMORPG 엔진 프로그래머 모집,https://www.jobkorea.co.kr/Recruit/GI_Read/40768465?Oem_Code=C1&logpath=1&stext=java&listno=48
㈜엔씨소프트,경기 성남시,[엔씨소프트][신규프로젝트] MMORPG 클라이언트 프로그래머 모집,https://www.jobkorea.co.kr/Recruit/GI_Read/40768352?Oem_Code=C1&logpath=1&stext=java&listno=49
이니텍㈜,서울 구로구,[KT그룹사] PKI제품(C/C++/java)개발 (신입/경력직) 모집,https://www.jobkorea.co.kr/Recruit/GI_Read/40768109?Oem_Code=C1&logpath=1&stext=java&listno=50
㈜천재교과서,서울 금천구,천재교과서 밀크T WMS JAVA 웹개발자 채용,https://www.jobkorea.co.kr/Recruit/GI_Read/40765146?Oem_Code=C1&logpath=1&stext=java&listno=51
㈜천재교과서,서울 금천구,천재교과서 정보시스템부 JAVA WEB 개발자 경력직 채용,https://www.jobkorea.co.kr/Recruit/GI_Read/40750466?Oem_Code=C1&logpath=1&stext=java&listno=52
롯데정보통신㈜,서울 강남구,렌탈IS팀 Java 개발/운영 정규직 경력채용,https://www.jobkorea.co.kr/Recruit/GI_Read/40759758?Oem_Code=C1&logpath=1&stext=java&listno=53
㈜이지서티,서울 강남구 외,[정규직] (주)이지서티 JAVA 개발자(Software) 경력 채용,https://www.jobkorea.co.kr/Recruit/GI_Read/40755618?Oem_Code=C1&logpath=1&stext=java&listno=54
대보정보통신㈜,서울 중구 외,사회보장정보시스템 JAVA 개발자 채용(경력),https://www.jobkorea.co.kr/Recruit/GI_Read/40755355?Oem_Code=C1&logpath=1&stext=java&listno=55
(주)이컴라인,서울 강서구,"2.[염창역] 자바, JAVA, 은행, 금융, 개발, 운영, 유지보수, SM",https://www.jobkorea.co.kr/Recruit/GI_Read/40751910?Oem_Code=C1&logpath=1&stext=java&listno=56
(주)이컴라인,서울 영등포구,"2.[여의도] 자바, JAVA, 은행, 금융, 운영, 개발, 유지보수, 여신, SM",https://www.jobkorea.co.kr/Recruit/GI_Read/40751886?Oem_Code=C1&logpath=1&stext=java&listno=57
㈜인터페이스정보기술,서울 금천구,신입 및 경력 JAVA 개발자 채용 공고,https://www.jobkorea.co.kr/Recruit/GI_Read/40751727?Oem_Code=C1&logpath=1&stext=java&listno=58
㈜파고다아카데미,서울 서초구,[파고다교육그룹]정규직 수시 채용 - JAVA개발/웹디자인/출판디자인/마케팅 부문,https://www.jobkorea.co.kr/Recruit/GI_Read/40741518?Oem_Code=C1&logpath=1&stext=java&listno=59
경동물류㈜,서울 서초구,경동(R&D)웹개발 자바 Java Jsp 경력모집,https://www.jobkorea.co.kr/Recruit/GI_Read/40743345?Oem_Code=C1&logpath=1&stext=java&listno=60
이컴라인,서울 서대문구,"1.[서대문구] 자바, java, 물류, 냉동물류, ms-sql",https://www.jobkorea.co.kr/Recruit/GI_Read/40738380?Oem_Code=C1&logpath=1&stext=java&listno=61
㈜네오플,제주 제주시,[네오플] 웹프로그래머 모집,https://www.jobkorea.co.kr/Recruit/GI_Read/40690653?Oem_Code=C1&logpath=1&stext=java&listno=62
YES24㈜,서울 영등포구,"[YES24]웹개발자 (.NET C#, ASP.NET, Java Spring) 경력직 채용(정규직)",https://www.jobkorea.co.kr/Recruit/GI_Read/40732165?Oem_Code=C1&logpath=1&stext=java&listno=63
㈜엔씨소프트,경기 성남시,[엔씨소프트][AION2] DBA / DB 프로그래머 모집,https://www.jobkorea.co.kr/Recruit/GI_Read/40723489?Oem_Code=C1&logpath=1&stext=java&listno=64
㈜엔씨소프트,경기 성남시,[엔씨소프트][AION2] 클라이언트 프로그래머 모집,https://www.jobkorea.co.kr/Recruit/GI_Read/40723420?Oem_Code=C1&logpath=1&stext=java&listno=65
㈜엔씨소프트,경기 성남시,[엔씨소프트][UI Framework] 시니어 Game UI 프로그래머 모집,https://www.jobkorea.co.kr/Recruit/GI_Read/40722581?Oem_Code=C1&logpath=1&stext=java&listno=66
㈜폴리큐브,서울 강남구,서버 및 앱 클라이언트 프로그래머를 모십니다.,https://www.jobkorea.co.kr/Recruit/GI_Read/40714581?Oem_Code=C1&logpath=1&stext=java&listno=67
㈜폴리큐브,서울 강남구,"병역특례(보충역, 현역, 전직 산업기능요원)로 프로그래머를 모십니다.",https://www.jobkorea.co.kr/Recruit/GI_Read/40714573?Oem_Code=C1&logpath=1&stext=java&listno=68
㈜휴넷,서울 구로구,[㈜휴넷] 휴넷이지런 웹개발 경력채용 (JAVA) LMS개발,https://www.jobkorea.co.kr/Recruit/GI_Read/40661543?Oem_Code=C1&logpath=1&stext=java&listno=69
㈜ 호디,서울 마포구 외,"웹프로그래머 / 응용프로그래머  ( 신입,경력 ) 채용",https://www.jobkorea.co.kr/Recruit/GI_Read/40704797?Oem_Code=C1&logpath=1&stext=java&listno=70
엔에이치엔한국사이버결제㈜,서울 구로구,"NHN KCP(주) 간편결제 웹서비스 개발자 채용 (Java, Spring)",https://www.jobkorea.co.kr/Recruit/GI_Read/40697018?Oem_Code=C1&logpath=1&stext=java&listno=71
더이앤엠,서울 서초구 외,"기술개발부 퍼블리셔,ASP,JAVA,모바일 외 각 부문 인재 모집",https://www.jobkorea.co.kr/Recruit/GI_Read/40670787?Oem_Code=C1&logpath=1&stext=java&listno=72
㈜마크로젠,서울 금천구,[마크로젠] JAVA개발 채용,https://www.jobkorea.co.kr/Recruit/GI_Read/40668572?Oem_Code=C1&logpath=1&stext=java&listno=73
한국직업전문학교,서울 구로구,항공-JAVA기반 항공네비게이션 항공블랙박스개발자 양성과정 자바풀스텍연수생모집,https://www.jobkorea.co.kr/Recruit/GI_Read/40651661?Oem_Code=C1&logpath=1&stext=java&listno=74
한국직업전문학교,서울 구로구,"의료-빅데이터 자바(java) 파이썬 S/W 개발자 양성과정(스프링, 풀스택, 시각화)연수생모집",https://www.jobkorea.co.kr/Recruit/GI_Read/40650578?Oem_Code=C1&logpath=1&stext=java&listno=75
한국직업전문학교,서울 구로구,"친환경-빅데이터 자바(java) 파이썬 S/W 개발자 양성과정(스프링, 풀스택, 시각화)연수생모집",https://www.jobkorea.co.kr/Recruit/GI_Read/40650516?Oem_Code=C1&logpath=1&stext=java&listno=76
㈜컴투스,서울 금천구,[컴투스] [컴프야2023/MLB9이닝스23/컴프야V23] 서버 프로그래머 (경력) 인재채용,https://www.jobkorea.co.kr/Recruit/GI_Read/40645316?Oem_Code=C1&logpath=1&stext=java&listno=77
㈜컴투스,서울 금천구,[컴투버스] 메타버스 그래픽스 프로그래머 (경력) 채용,https://www.jobkorea.co.kr/Recruit/GI_Read/40644923?Oem_Code=C1&logpath=1&stext=java&listno=78
㈜컴투스,서울 금천구,[컴투버스] 클라이언트 툴 프로그래머 (경력) 채용,https://www.jobkorea.co.kr/Recruit/GI_Read/40644405?Oem_Code=C1&logpath=1&stext=java&listno=79
㈜엔씨소프트,경기 성남시,[엔씨소프트][PROJECT G] 클라이언트 프로그래머 모집,https://www.jobkorea.co.kr/Recruit/GI_Read/40639714?Oem_Code=C1&logpath=1&stext=java&listno=80
㈜엔씨소프트,경기 성남시,[엔씨소프트][PROJECT G] 서버 프로그래머 모집,https://www.jobkorea.co.kr/Recruit/GI_Read/40639658?Oem_Code=C1&logpath=1&stext=java&listno=81
쌍용정보통신㈜,전남 나주시,프로젝트 개발자 모집[자바(전남 나주)],https://www.jobkorea.co.kr/Recruit/GI_Read/40625351?Oem_Code=C1&logpath=1&stext=java&listno=82
㈜카이네스,서울 금천구,[프리랜서] 개발자 (JAVA/JSP) 채용 (서울 금천구 / 2개월),https://www.jobkorea.co.kr/Recruit/GI_Read/40621797?Oem_Code=C1&logpath=1&stext=java&listno=83
㈜큐엠씨,경기 안양시,(주)큐엠씨 반도체 장비 프로그래머 모집,https://www.jobkorea.co.kr/Recruit/GI_Read/40614077?Oem_Code=C1&logpath=1&stext=java&listno=84
㈜인피닉,서울 강남구,연구소 JAVA / PYTHON 신입 개발자 모집,https://www.jobkorea.co.kr/Recruit/GI_Read/40577269?Oem_Code=C1&logpath=1&stext=java&listno=85
㈜리플렉션,서울 서초구 외,운영/SM/유지보수 JAVA 웹개발자 채용(정규직/경력),https://www.jobkorea.co.kr/Recruit/GI_Read/40576317?Oem_Code=C1&logpath=1&stext=java&listno=86
㈜엔씨소프트,경기 성남시,[엔씨소프트][리니지2M] 클라이언트 프로그래머 모집,https://www.jobkorea.co.kr/Recruit/GI_Read/40553215?Oem_Code=C1&logpath=1&stext=java&listno=87
㈜엔씨소프트,경기 성남시,[엔씨소프트][Blade&Soul] 클라이언트 프로그래머 모집,https://www.jobkorea.co.kr/Recruit/GI_Read/40553010?Oem_Code=C1&logpath=1&stext=java&listno=88
㈜엔씨소프트,경기 성남시,[엔씨소프트][UI Framework] AAA Game UI 제작 framework의 엔진 프로그래머 모집,https://www.jobkorea.co.kr/Recruit/GI_Read/40503729?Oem_Code=C1&logpath=1&stext=java&listno=89
㈜비즈테크아이,서울 마포구 외,"[LG그룹] Embedded 기반 업무시스템 PL 및 경력 개발자(WebOS, QT, Java Script) 채용",https://www.jobkorea.co.kr/Recruit/GI_Read/40503465?Oem_Code=C1&logpath=1&stext=java&listno=90
㈜위대한상상,서울 서초구 외,[Java] Backend Developer (Java/Tech Lead/10년이상),https://www.jobkorea.co.kr/Recruit/GI_Read/40502776?Oem_Code=C1&logpath=1&stext=java&listno=91
서린정보기술㈜,서울 강남구,[서린정보기술(주)] Java Web 개발자 모집,https://www.jobkorea.co.kr/Recruit/GI_Read/40494443?Oem_Code=C1&logpath=1&stext=java&listno=92
㈜우대칼스,서울 서초구,[전자정부시스템] JAVA 기반 웹시스템 개발자 채용,https://www.jobkorea.co.kr/Recruit/GI_Read/40487851?Oem_Code=C1&logpath=1&stext=java&listno=93
한국직업전문학교,서울 구로구,"빅데이터 플랫폼 응용 SW개발자 양성 과정 (Java, Python) 교육과정 강사모집",https://www.jobkorea.co.kr/Recruit/GI_Read/40482281?Oem_Code=C1&logpath=1&stext=java&listno=94
㈜유라클,서울 강남구,[국내 1위 모바일 솔루션] 유라클 Java 개발자 경력직 모집,https://www.jobkorea.co.kr/Recruit/GI_Read/40479668?Oem_Code=C1&logpath=1&stext=java&listno=95
㈜엔씨소프트,경기 성남시,[엔씨소프트][리니지2M] 서버 프로그래머 모집,https://www.jobkorea.co.kr/Recruit/GI_Read/40474438?Oem_Code=C1&logpath=1&stext=java&listno=96
㈜세일코리아넷,서울 영등포구 외,"[정규직] 웹개발자(PHP, JAVA) 신입/경력직 모집",https://www.jobkorea.co.kr/Recruit/GI_Read/40466674?Oem_Code=C1&logpath=1&stext=java&listno=97
㈜웅진,서울 중구,(주)웅진 JAVA기반 플랫폼 서비스 개발 경력사원 채용,https://www.jobkorea.co.kr/Recruit/GI_Read/40446201?Oem_Code=C1&logpath=1&stext=java&listno=98
케이비증권㈜,서울 영등포구,IT 부문 경력직 상시 채용(JAVA 미들웨어/프레임워크 영역),https://www.jobkorea.co.kr/Recruit/GI_Read/40441058?Oem_Code=C1&logpath=1&stext=java&listno=99
㈜한드림넷,경기 의왕시,"리눅스 프로그래머, 네트워크 장비 QA",https://www.jobkorea.co.kr/Recruit/GI_Read/40435960?Oem_Code=C1&logpath=1&stext=java&listno=100
(주)스마트로,서울 중구,[KT·BC계열사] 스마트로 java 서비스 개발자 경력직 채용,https://www.jobkorea.co.kr/Recruit/GI_Read/40429340?Oem_Code=C1&logpath=1&stext=java&listno=101
㈜해커스어학원,서울 서초구,[신입/경력] PHP 프로그래머/웹퍼블리셔 채용,https://www.jobkorea.co.kr/Recruit/GI_Read/40426344?Oem_Code=C1&logpath=1&stext=java&listno=102
㈜블루코어,서울 강남구,경력직 JAVA 프로그래머 및 PM 채용,https://www.jobkorea.co.kr/Recruit/GI_Read/40410891?Oem_Code=C1&logpath=1&stext=java&listno=103
헤리트,경기 성남시 외,지능망 서비스 Java 개발자 모집,https://www.jobkorea.co.kr/Recruit/GI_Read/40397178?Oem_Code=C1&logpath=1&stext=java&listno=104
㈜피엠그로우,서울 서초구,EV(전기차)플랫폼 Java/Node.js 백엔드 개발자 수시 모집,https://www.jobkorea.co.kr/Recruit/GI_Read/40381357?Oem_Code=C1&logpath=1&stext=java&listno=105
오상자이엘 ㈜,인천 부평구,"프로그래머(JAVA, Python, Oracle SQL) 및 PL, PM 모집",https://www.jobkorea.co.kr/Recruit/GI_Read/40381323?Oem_Code=C1&logpath=1&stext=java&listno=106
홈플러스㈜,서울 강서구,홈플러스 온라인플랫폼 개발자 경력직 채용 (프론트엔드 / JAVA개발),https://www.jobkorea.co.kr/Recruit/GI_Read/40373800?Oem_Code=C1&logpath=1&stext=java&listno=107
㈜천재교육,서울 금천구,천재교육 플랫폼사업팀 JAVA웹개발 / 퍼블리셔 경력직 채용,https://www.jobkorea.co.kr/Recruit/GI_Read/40249435?Oem_Code=C1&logpath=1&stext=java&listno=108
㈜카카오페이증권,경기 성남시,Java개발 및 운영인력,https://www.jobkorea.co.kr/Recruit/GI_Read/40234450?Oem_Code=C1&logpath=1&stext=java&listno=109
리치앤타임㈜,서울 구로구,MES/JAVA개발자/PM 관련 인재를 모십니다,https://www.jobkorea.co.kr/Recruit/GI_Read/40210201?Oem_Code=C1&logpath=1&stext=java&listno=110
유니슨㈜,서울 서초구,유니슨(주) JAVA ERP 개발자 추가 모집(서울),https://www.jobkorea.co.kr/Recruit/GI_Read/40203283?Oem_Code=C1&logpath=1&stext=java&listno=111
옴니시스템㈜,서울 성동구,Java·JSP/백엔드 정규직 채용(각 분야별),https://www.jobkorea.co.kr/Recruit/GI_Read/40194989?Oem_Code=C1&logpath=1&stext=java&listno=112
㈜알앤비소프트,경기 성남시 외,알앤비소프트 JAVA/Web 및 메타버스 신입/경력 개발자 채용 件.,https://www.jobkorea.co.kr/Recruit/GI_Read/40177280?Oem_Code=C1&logpath=1&stext=java&listno=113
인포뱅크㈜,경기 성남시,JAVA 웹개발 경력 사원 모집,https://www.jobkorea.co.kr/Recruit/GI_Read/40148293?Oem_Code=C1&logpath=1&stext=java&listno=114
유니슨㈜,대전 유성구,풍력연구소(대전) C# / Java Web S/W 개발 연구원 모집,https://www.jobkorea.co.kr/Recruit/GI_Read/40147477?Oem_Code=C1&logpath=1&stext=java&listno=115
㈜웅진,서울 중구,(주)웅진 렌탈 시스템 운영/개발 경력 채용(JAVA개발),https://www.jobkorea.co.kr/Recruit/GI_Read/40141478?Oem_Code=C1&logpath=1&stext=java&listno=116
㈜유비앤티스랩,서울 구로구,"자바 개발자 (자사 통합인증 솔루션부문) 신입,경력 지원가능",https://www.jobkorea.co.kr/Recruit/GI_Read/40115254?Oem_Code=C1&logpath=1&stext=java&listno=117
리치앤타임㈜,대전 유성구,2022년 상반기 PLM 구축 JAVA개발자 신입/경력 채용,https://www.jobkorea.co.kr/Recruit/GI_Read/40107626?Oem_Code=C1&logpath=1&stext=java&listno=118
㈜위닉스정보,서울 성동구 외,UNIX/LINUX 어플리케이션 프로그래머 모집/주5일근무/(신입/경력무관),https://www.jobkorea.co.kr/Recruit/GI_Read/40098545?Oem_Code=C1&logpath=1&stext=java&listno=119
㈜핑거,서울,핀테크를 위한 금융 SI/SM 개발자 (JAVA 개발자) 모집.,https://www.jobkorea.co.kr/Recruit/GI_Read/40095626?Oem_Code=C1&logpath=1&stext=java&listno=120
㈜동심,서울 서초구,"[동심] IT사업 각부문별 경력/신입/인턴 수시 채용 웹기획,JAVA,UI디자인",https://www.jobkorea.co.kr/Recruit/GI_Read/40083328?Oem_Code=C1&logpath=1&stext=java&listno=121
㈜이지서티,광주 동구 외,[신입/경력/정규직] (주)이지서티 호남지사 Java 개발자(소프트웨어) 채용,https://www.jobkorea.co.kr/Recruit/GI_Read/40073335?Oem_Code=C1&logpath=1&stext=java&listno=122
오상자이엘 ㈜,경남 창원시 외,"[창원] PLM/PDM PM, 개발(Java, JSP) 정규직 모집",https://www.jobkorea.co.kr/Recruit/GI_Read/40067980?Oem_Code=C1&logpath=1&stext=java&listno=123
㈜리플렉션,서울 서초구 외,JAVA 웹개발자 채용(정규직/경력),https://www.jobkorea.co.kr/Recruit/GI_Read/40055744?Oem_Code=C1&logpath=1&stext=java&listno=124
㈜미디어솔루션,서울 마포구,"응용/웹 프로그래머 신입/경력 모집 (산업기능요원,보충역 대상자 포함)",https://www.jobkorea.co.kr/Recruit/GI_Read/40898576?Oem_Code=C1&logpath=1&stext=java&listno=125
㈜이퍼블릭코리아,서울 양천구 외,웹 프로그래머 모집 (경력) - (주)이퍼블릭,https://www.jobkorea.co.kr/Recruit/GI_Read/40898190?Oem_Code=C1&logpath=1&stext=java&listno=126
(주)티몬,서울 강남구,[티몬] 사내시스템 JAVA 개발자,https://www.jobkorea.co.kr/Recruit/GI_Read/40859200?Oem_Code=C1&logpath=1&stext=java&listno=127
㈜예지솔루션,서울 금천구 외,"[주35시간, 정규직] PHP, JAVA 개발자 채용",https://www.jobkorea.co.kr/Recruit/GI_Read/40855587?Oem_Code=C1&logpath=1&stext=java&listno=128
주식회사 데이터스트림즈,서울 서초구,"웹기획자(고급 : 1명), 웹디자이너(고급 1명), 자바개발자(고급 2명)",https://www.jobkorea.co.kr/Recruit/GI_Read/40851162?Oem_Code=C1&logpath=1&stext=java&listno=129
㈜오스테오시스,서울 구로구,의료기기 S/W 프로그래머 채용,https://www.jobkorea.co.kr/Recruit/GI_Read/40740474?Oem_Code=C1&logpath=1&stext=java&listno=130
㈜드래곤플라이,서울 서초구,[드래곤플라이] 스페셜포스 서버 프로그래머 모집,https://www.jobkorea.co.kr/Recruit/GI_Read/40705010?Oem_Code=C1&logpath=1&stext=java&listno=131
㈜드래곤플라이,서울 서초구,[드래곤플라이] 스페셜포스1 클라이언트 프로그래머 모집,https://www.jobkorea.co.kr/Recruit/GI_Read/40704987?Oem_Code=C1&logpath=1&stext=java&listno=132
㈜컴투스,서울 금천구,"[컴투스] TA실 Engine Programmer (엔진 프로그래머, 신입 및 경력) 인재채용",https://www.jobkorea.co.kr/Recruit/GI_Read/40644128?Oem_Code=C1&logpath=1&stext=java&listno=133
Spoqa,서울 강남구,(주)스포카 안드로이드 프로그래머 채용,https://www.jobkorea.co.kr/Recruit/GI_Read/40588767?Oem_Code=C1&logpath=1&stext=java&listno=134
㈜트리포스,경기 성남시,[경력] Java기반 웹/앱 개발자를 모십니다. 청년친화중소기업 인증,https://www.jobkorea.co.kr/Recruit/GI_Read/40478555?Oem_Code=C1&logpath=1&stext=java&listno=135
㈜엠게임,서울 금천구,[엠게임] 열혈강호 온라인 게임 서버 프로그래머 모집,https://www.jobkorea.co.kr/Recruit/GI_Read/40365893?Oem_Code=C1&logpath=1&stext=java&listno=136
㈜네오플,서울 강남구,[네오플][서울지사][AK] 전투 동기화 프로그래머 모집,https://www.jobkorea.co.kr/Recruit/GI_Read/40355506?Oem_Code=C1&logpath=1&stext=java&listno=137
㈜네오플,서울 강남구,[네오플][서울지사][AK] 엔진 프로그래머 모집,https://www.jobkorea.co.kr/Recruit/GI_Read/40355382?Oem_Code=C1&logpath=1&stext=java&listno=138
㈜네오플,서울 강남구,[네오플][서울지사][AK] 시스템 및 레벨 컨텐츠 프로그래머 모집,https://www.jobkorea.co.kr/Recruit/GI_Read/40355272?Oem_Code=C1&logpath=1&stext=java&listno=139
㈜네오플,서울 강남구,[네오플][서울지사][AK] 멀티플레이 컨텐츠 프로그래머 모집,https://www.jobkorea.co.kr/Recruit/GI_Read/40354932?Oem_Code=C1&logpath=1&stext=java&listno=140
㈜네오플,서울 강남구,[네오플][서울지사][AK] 전투 컨텐츠 프로그래머 모집,https://www.jobkorea.co.kr/Recruit/GI_Read/40354638?Oem_Code=C1&logpath=1&stext=java&listno=141
㈜지오소프트,서울 강남구,"지오소프트에서 Embedded 기반 차량용 시스템 개발자 채용(WebOS,ccOS,QT, JAVA Script)",https://www.jobkorea.co.kr/Recruit/GI_Read/40100090?Oem_Code=C1&logpath=1&stext=java&listno=142
㈜펄어비스,경기 과천시,[펄어비스] 게임 엔진 프로그래머 모집,https://www.jobkorea.co.kr/Recruit/GI_Read/40066008?Oem_Code=C1&logpath=1&stext=java&listno=143
㈜펄어비스,경기 과천시,[펄어비스] 게임 플레이 프로그래머 모집,https://www.jobkorea.co.kr/Recruit/GI_Read/40066060?Oem_Code=C1&logpath=1&stext=java&listno=144
유니온시스템정보㈜,서울 양천구 외,"[급구] JAVA, JSP/ Nexacro  중급.고급 프로그램개발 경력자",https://www.jobkorea.co.kr/Recruit/GI_Read/40903339?Oem_Code=C1&logpath=1&stext=java&listno=145
㈜오륜디지탈,경기 성남시,(판교)인터넷은행 DW운영업무 - Java 고급,https://www.jobkorea.co.kr/Recruit/GI_Read/40903265?Oem_Code=C1&logpath=1&stext=java&listno=146
㈜오륜디지탈,인천 서구,"[청라] 카드사 캠페인 운영 - Java 초급,중급",https://www.jobkorea.co.kr/Recruit/GI_Read/40903116?Oem_Code=C1&logpath=1&stext=java&listno=147
위즈아이앤씨,서울 구로구,코웨이코스매틱 (구로) 영업정보시스템 유지보수 업무 건 (JAVA/ASP.NET),https://www.jobkorea.co.kr/Recruit/GI_Read/40902640?Oem_Code=C1&logpath=1&stext=java&listno=148
위즈아이앤씨,서울 송파구,대기업 리조트(잠실역) 통합 프로젝트 구축 건 (JAVA),https://www.jobkorea.co.kr/Recruit/GI_Read/40902636?Oem_Code=C1&logpath=1&stext=java&listno=149
위즈아이앤씨,경기 화성시,SK C&C 자회사 (동탄) MES 제조 자동화시스템 구축 건 (JAVA),https://www.jobkorea.co.kr/Recruit/GI_Read/40902635?Oem_Code=C1&logpath=1&stext=java&listno=150
㈜위즈아이앤씨,서울 영등포구,엠로 (당산) 구매시스템 운영 사업 모집 건 (JAVA),https://www.jobkorea.co.kr/Recruit/GI_Read/40902633?Oem_Code=C1&logpath=1&stext=java&listno=151
㈜위즈아이앤씨,서울 용산구,CJ  CGV (용산역) CJ ONE포인트 정산시스템 개발 모집 건 (JAVA),https://www.jobkorea.co.kr/Recruit/GI_Read/40902632?Oem_Code=C1&logpath=1&stext=java&listno=152
위즈아이앤씨,경기 성남시,한국네트웍스(판교) 시스템 Framework 개발 모집 건(JAVA/AA),https://www.jobkorea.co.kr/Recruit/GI_Read/40902629?Oem_Code=C1&logpath=1&stext=java&listno=153
위즈아이앤씨,서울 중구,신한라이프(을지로) 스퀘어 모바일 창구 운영 모집 건 (JAVA),https://www.jobkorea.co.kr/Recruit/GI_Read/40902627?Oem_Code=C1&logpath=1&stext=java&listno=154
㈜청아아이티,서울 종로구,"종로 SGI서울보증보험 차세대 분석/설계 및 개발 Java, Oracle, 보험업무 경험자를 모집 합니다. (03)",https://www.jobkorea.co.kr/Recruit/GI_Read/40902239?Oem_Code=C1&logpath=1&stext=java&listno=155
이수정보㈜,서울 중랑구 외,[시청역] OO생명 UMS 운영(java/고급),https://www.jobkorea.co.kr/Recruit/GI_Read/40902203?Oem_Code=C1&logpath=1&stext=java&listno=156
이수정보㈜,서울 중랑구 외,[충정로] 부동산사이트 통합플랫폼 구축(java/중급),https://www.jobkorea.co.kr/Recruit/GI_Read/40902182?Oem_Code=C1&logpath=1&stext=java&listno=157
언버스,서울 중구 외,"[중구/명동역] 쇼핑몰 개발 웹프로그래머 채용(Java, Spring Boot, Vue)",https://www.jobkorea.co.kr/Recruit/GI_Read/40901649?Oem_Code=C1&logpath=1&stext=java&listno=158
언버스,서울 영등포구,"[언버스] 신입 웹 프로그래머 채용(Java, Spring Boot, Vue, Angular)",https://www.jobkorea.co.kr/Recruit/GI_Read/40901613?Oem_Code=C1&logpath=1&stext=java&listno=159
언버스,서울 영등포구,"[언버스] 웹 프로그래머 경력직 채용(JAVA, Spring Boot, VUE)",https://www.jobkorea.co.kr/Recruit/GI_Read/40901602?Oem_Code=C1&logpath=1&stext=java&listno=160
이엔지소프트,서울 강서구,JAVA 프로그래머(경력),https://www.jobkorea.co.kr/Recruit/GI_Read/40901358?Oem_Code=C1&logpath=1&stext=java&listno=161
스피치로그㈜,서울 용산구,"2023년 스피치로그 시스템개발자(JAVA, JSP, MySQL)/ 영업/ 운영서비스 채용",https://www.jobkorea.co.kr/Recruit/GI_Read/40901246?Oem_Code=C1&logpath=1&stext=java&listno=162
㈜에이치와이소프트,서울 구로구 외,"JAVA,Xplatform(3월2일/1년개발/광교역/고급) 프로그래머를 모십니다.",https://www.jobkorea.co.kr/Recruit/GI_Read/40901063?Oem_Code=C1&logpath=1&stext=java&listno=163
㈜에스이에스케이,서울 서초구 외,"(여의도,금융) java 중,고급 운영인원 모집",https://www.jobkorea.co.kr/Recruit/GI_Read/40901031?Oem_Code=C1&logpath=1&stext=java&listno=164
㈜아이티윌 부산지점,부산 부산진구 외,[아이티윌부산] 2023 IT 개발자 취업교육 자바 스프링 서버 실무 개발자,https://www.jobkorea.co.kr/Recruit/GI_Read/40901028?Oem_Code=C1&logpath=1&stext=java&listno=165
㈜비아엘,서울 서초구 외,[신입/경력] JAVA 개발자 모집,https://www.jobkorea.co.kr/Recruit/GI_Read/40901012?Oem_Code=C1&logpath=1&stext=java&listno=166
조인아이티,경기 성남시,"SI(개발)/전자소송/중급-고급/3명/java,전자정부,websquare/즉시-23.07-09월/분당.야탑역부근 /",https://www.jobkorea.co.kr/Recruit/GI_Read/40900984?Oem_Code=C1&logpath=1&stext=java&listno=167
㈜HYSOFT,서울 구로구 외,"Java, Miplatform(2월1일/3개월/서울역/고급) 프로그래머를 모십니다.",https://www.jobkorea.co.kr/Recruit/GI_Read/40900925?Oem_Code=C1&logpath=1&stext=java&listno=168
㈜HYSOFT,서울 구로구 외,"Java,Jsp,Jquery,OZ(즉시/12월말운영/방배동/고급) 프로그래머를 모십니다.",https://www.jobkorea.co.kr/Recruit/GI_Read/40900921?Oem_Code=C1&logpath=1&stext=java&listno=169
㈜에스에스비정보기술,서울 강남구 외,Java 신입/경력 개발자 모집,https://www.jobkorea.co.kr/Recruit/GI_Read/40900906?Oem_Code=C1&logpath=1&stext=java&listno=170
㈜에이치와이소프트,서울 구로구 외,"Java,Nexacro,패션ERP경험(즉시/12월말운영(연단위)/인천청라/중급or고급) 프로그래머를 모십니다.",https://www.jobkorea.co.kr/Recruit/GI_Read/40900885?Oem_Code=C1&logpath=1&stext=java&listno=171
㈜크레버스,서울 성동구 외,주니어 백엔드 자바 개발자 (Back-End Engineer),https://www.jobkorea.co.kr/Recruit/GI_Read/40900619?Oem_Code=C1&logpath=1&stext=java&listno=172
㈜크레버스,서울 성동구 외,리드 백엔드 자바(java) 개발자 (Lead  Back-End Engineer),https://www.jobkorea.co.kr/Recruit/GI_Read/40900563?Oem_Code=C1&logpath=1&stext=java&listno=173
링크소프트웨어,서울 영등포구 외,"[개발, 금융경력] 여의도 금융 JAVA 프로젝트",https://www.jobkorea.co.kr/Recruit/GI_Read/40900277?Oem_Code=C1&logpath=1&stext=java&listno=174
㈜비즈웰,경기 안양시,[특별유급휴가10일] 23년 상반기 자바(Java) 개발 채용,https://www.jobkorea.co.kr/Recruit/GI_Read/40897378?Oem_Code=C1&logpath=1&stext=java&listno=175
㈜아이리포트,서울 금천구 외,[정부 연구 과제 수행] java 기반 웹개발자 경력 및 신입 채용(정규직),https://www.jobkorea.co.kr/Recruit/GI_Read/40900134?Oem_Code=C1&logpath=1&stext=java&listno=176
휴먼인포텍,서울 금천구 외,"[SI]삼성전자 빅데이터 플랫폼 및 AI 기반 플랫폼 신규 구축, DBA, java 개발 고급(1월중, 기흥테라타워)",https://www.jobkorea.co.kr/Recruit/GI_Read/40899995?Oem_Code=C1&logpath=1&stext=java&listno=177
휴먼인포텍,서울 금천구,"급구[SI]나주 체재비지급,우정00본부 차세대. 은행 채널개발, 손해보험개발 java 중,고급 (즉시,5월말까지)",https://www.jobkorea.co.kr/Recruit/GI_Read/40899763?Oem_Code=C1&logpath=1&stext=java&listno=178
휴먼인포텍,서울 강남구 외,"[SI]신한은행 쏠리 시스템(콜 센터)개발. 자바중급이상(즉시, 역삼역)",https://www.jobkorea.co.kr/Recruit/GI_Read/40899734?Oem_Code=C1&logpath=1&stext=java&listno=179
㈜청아아이티,서울 강남구,"논현동 건설공제조합 시스템 유지보수 Java, Oracle 경험자를 모집 합니다. (03)",https://www.jobkorea.co.kr/Recruit/GI_Read/40899702?Oem_Code=C1&logpath=1&stext=java&listno=180
